{"namelookup": 0.003074, "connect": 0.037302, "appconnect": 0.132722, "redirect": 0.000000, "total": 0.168045, "transfer": {"pre": 0.132818, "start": 0.167904}}