{"namelookup": 0.005026, "connect": 0.042014, "appconnect": 0.142104, "redirect": 0.000000, "total": 0.196659, "transfer": {"pre": 0.142141, "start": 0.196496}}