{"namelookup": 0.001063, "connect": 0.042473, "appconnect": 0.111675, "redirect": 0.000000, "total": 0.167425, "transfer": {"pre": 0.111707, "start": 0.167375}}