{"namelookup": 0.001627, "connect": 0.038276, "appconnect": 0.108709, "redirect": 0.000000, "total": 0.167965, "transfer": {"pre": 0.108795, "start": 0.167819}}