{"namelookup": 0.004328, "connect": 0.072125, "appconnect": 0.171503, "redirect": 0.000000, "total": 0.225381, "transfer": {"pre": 0.171529, "start": 0.225236}}