{"namelookup": 0.004976, "connect": 0.039896, "appconnect": 0.134878, "redirect": 0.000000, "total": 0.195109, "transfer": {"pre": 0.134968, "start": 0.194905}}