{"namelookup": 0.000000, "connect": 0.000000, "appconnect": 0.000000, "redirect": 0.000000, "total": 0.003532, "transfer": {"pre": 0.000000, "start": 0.000000}}