{"namelookup": 0.003840, "connect": 0.038404, "appconnect": 0.134732, "redirect": 0.000000, "total": 0.185471, "transfer": {"pre": 0.134814, "start": 0.185311}}