{"namelookup": 0.004087, "connect": 0.040886, "appconnect": 0.135605, "redirect": 0.000000, "total": 0.188652, "transfer": {"pre": 0.135633, "start": 0.188473}}