{"namelookup": 0.003187, "connect": 0.041001, "appconnect": 0.112125, "redirect": 0.000000, "total": 0.174387, "transfer": {"pre": 0.112200, "start": 0.174233}}